direction,selection_rule,score,genes,pooled_loss,boot_lo,boot_hi,kappa_weighted_random_loss,median_kappa,pct_kappa_le0,pct_kappa_lt01,pct_omega_outside
screen1_estimate2,strict_FDR05,Gene mean,0,,,,,,,,
screen1_estimate2,strict_FDR05,Promoter mean,0,,,,,,,,
screen1_estimate2,strict_FDR05,Promoter + non-promoter,0,,,,,,,,
screen1_estimate2,top25,Gene mean,25,0.939729292061615,0.856877454781771,1.02899561314758,0.928717530078289,0.243693094155913,16,28,60
screen1_estimate2,top25,Promoter mean,25,0.942729355142306,0.865984465351905,1.01956990417173,0.928717530078289,0.243693094155913,16,28,52
screen1_estimate2,top25,Promoter + non-promoter,25,0.693471025262825,0.508478400427389,0.875612465154138,0.857435060156577,0.243693094155913,16,28,40
screen1_estimate2,top50,Gene mean,50,0.913594636916665,0.818749066190322,0.997000146295391,0.927248654121866,0.175402521789764,24,42,58
screen1_estimate2,top50,Promoter mean,50,0.948352371200748,0.871064868469517,1.01957939054036,0.927248654121866,0.175402521789764,24,42,54
screen1_estimate2,top50,Promoter + non-promoter,47,0.701996423120301,0.523832325002304,0.864724370447005,0.853781332899885,0.185723100684025,19.1489361702128,38.2978723404255,51.0638297872341
screen1_estimate2,top100,Gene mean,100,0.907187774483556,0.842123425422177,0.968949993248334,0.932202235744998,0.146766365614515,30,48,53
screen1_estimate2,top100,Promoter mean,100,0.913248707287617,0.839590826717503,0.973751004291076,0.932202235744998,0.146766365614515,30,48,54
screen1_estimate2,top100,Promoter + non-promoter,93,0.689054146789772,0.552057656598015,0.800189420586813,0.863682706132667,0.161447950473648,26.8817204301075,45.1612903225806,43.010752688172
screen1_estimate2,top250,Gene mean,250,0.931983464175034,0.893564712157677,0.968822360593559,0.927401289845235,0.155066833625942,25.2,42.8,54
screen1_estimate2,top250,Promoter mean,247,0.899644239875821,0.85345816011151,0.941562721098362,0.927443630407542,0.153317157110918,25.5060728744939,43.3198380566802,53.0364372469636
screen1_estimate2,top250,Promoter + non-promoter,226,0.714187198116792,0.634544204372014,0.786277771764909,0.858291074256584,0.157752842402894,24.3362831858407,42.0353982300885,47.3451327433628
screen2_estimate1,strict_FDR05,Gene mean,14,0.692651371004507,0.555874877843132,0.821724883621657,0.90224096975701,0.327162759319525,0,0,21.4285714285714
screen2_estimate1,strict_FDR05,Promoter mean,13,0.79697396893098,0.58867349712946,0.931487694374143,0.900353295225637,0.280136624851775,0,0,30.7692307692308
screen2_estimate1,strict_FDR05,Promoter + non-promoter,9,0.350496248036435,0.242402965147801,0.512196665419871,0.803702770198641,0.374188893787275,0,0,0
screen2_estimate1,top25,Gene mean,25,0.750016950109916,0.604603822998627,0.869472056596958,0.924048036200311,0.419795044825343,4,4,32
screen2_estimate1,top25,Promoter mean,24,0.837122313854094,0.678467168593258,0.947091850126728,0.92452772565881,0.396991969306309,4.16666666666667,4.16666666666667,45.8333333333333
screen2_estimate1,top25,Promoter + non-promoter,20,0.587891932280794,0.381447280247441,0.791251239124833,0.854663075512493,0.419904782921973,5,5,25
screen2_estimate1,top50,Gene mean,50,0.819695427066077,0.7328932874153,0.894156930622124,0.916529079214586,0.419904782921973,6,8,38
screen2_estimate1,top50,Promoter mean,49,0.850760655846845,0.762949668641228,0.920188383531993,0.916524504082243,0.419795044825343,6.12244897959184,8.16326530612245,40.8163265306122
screen2_estimate1,top50,Promoter + non-promoter,42,0.651596196624615,0.525672393597846,0.766417514189158,0.838774616014959,0.423779836370868,7.14285714285714,7.14285714285714,26.1904761904762
screen2_estimate1,top100,Gene mean,100,0.826634894404442,0.762117285284826,0.886497524681563,0.912583500813775,0.31076910725044,10,15,45
screen2_estimate1,top100,Promoter mean,99,0.810236724599853,0.733184512244151,0.871067098233745,0.91250357265394,0.307034540534922,10.1010101010101,15.1515151515152,44.4444444444444
screen2_estimate1,top100,Promoter + non-promoter,89,0.634412751762342,0.523217096054535,0.725465021702662,0.835772857826671,0.320612650146977,11.2359550561798,15.7303370786517,41.5730337078652
screen2_estimate1,top250,Gene mean,250,0.836274532725606,0.794742210297474,0.875452120909777,0.913796824482685,0.256499366431433,14,24.8,45.6
screen2_estimate1,top250,Promoter mean,246,0.795450649091522,0.741898882316074,0.839212451661951,0.91411082070408,0.256499366431433,14.2276422764228,24.7967479674797,43.089430894309
screen2_estimate1,top250,Promoter + non-promoter,222,0.633661355903483,0.56051506785101,0.693170018450271,0.842552856714749,0.267761616642918,15.7657657657658,26.1261261261261,42.3423423423423
