direction,selection_rule,genes,spearman_omega2_p,spearman_omega2_mean_abs_cor
screen1_estimate2,strict_FDR05,0,,
screen1_estimate2,top25,25,0.0131632738664675,-0.1
screen1_estimate2,top50,50,-0.0866931099468526,-0.362400960384154
screen1_estimate2,top100,100,-0.0548544563792525,-0.0303270327032703
screen1_estimate2,top250,250,0.0828061141417281,-0.104824501444632
screen2_estimate1,strict_FDR05,14,0.241100861625512,-0.367032967032967
screen2_estimate1,top25,25,0.294223996086723,-0.433076923076923
screen2_estimate1,top50,50,0.148436776673804,-0.413301320528211
screen2_estimate1,top100,100,0.0756721503322769,-0.351983198319832
screen2_estimate1,top250,250,0.128551742826921,-0.172714509754528
