direction,selection_rule,min_same_sign_fraction,genes,median_omega2_mean,pct_mean_gt50,median_random_loss,pct_better_than_random
screen1_estimate2,strict_FDR05,0.8,0,,,,
screen1_estimate2,strict_FDR05,0.9,0,,,,
screen1_estimate2,strict_FDR05,1,0,,,,
screen1_estimate2,top25,0.8,7,1.00353811513687,100,0.875,28.5714285714286
screen1_estimate2,top25,0.9,2,0.813155232135258,100,0.892045454545455,50
screen1_estimate2,top25,1,1,0.901581832379759,100,0.875,0
screen1_estimate2,top50,0.8,15,0.80162306792548,86.6666666666667,0.857142857142857,60
screen1_estimate2,top50,0.9,6,0.74667675941692,100,0.866071428571429,83.3333333333333
screen1_estimate2,top50,1,5,0.751917824581889,100,0.857142857142857,80
screen1_estimate2,top100,0.8,30,0.929453320404024,90,0.866071428571429,43.3333333333333
screen1_estimate2,top100,0.9,15,0.901581832379759,93.3333333333333,0.875,46.6666666666667
screen1_estimate2,top100,1,10,0.898358949630498,90,0.845238095238095,50
screen1_estimate2,top250,0.8,87,0.912892862659432,78.1609195402299,0.857142857142857,47.1264367816092
screen1_estimate2,top250,0.9,40,0.884788558162894,72.5,0.894444444444444,52.5
screen1_estimate2,top250,1,27,0.826326596293857,66.6666666666667,0.857142857142857,59.2592592592593
screen2_estimate1,strict_FDR05,0.8,7,0.591488674702689,57.1428571428571,0.888888888888889,85.7142857142857
screen2_estimate1,strict_FDR05,0.9,6,0.451349925967184,50,0.861111111111111,83.3333333333333
screen2_estimate1,strict_FDR05,1,5,0.311211177231678,40,0.833333333333333,80
screen2_estimate1,top25,0.8,9,0.591488674702689,55.5555555555556,0.857142857142857,77.7777777777778
screen2_estimate1,top25,0.9,7,0.433525111746121,42.8571428571429,0.857142857142857,85.7142857142857
screen2_estimate1,top25,1,6,0.3723681444889,33.3333333333333,0.845238095238095,83.3333333333333
screen2_estimate1,top50,0.8,13,0.591488674702689,53.8461538461539,0.833333333333333,76.9230769230769
screen2_estimate1,top50,0.9,10,0.3723681444889,40,0.845238095238095,90
screen2_estimate1,top50,1,9,0.311211177231678,33.3333333333333,0.833333333333333,88.8888888888889
screen2_estimate1,top100,0.8,28,0.608212920221452,64.2857142857143,0.857142857142857,71.4285714285714
screen2_estimate1,top100,0.9,17,0.377562007676495,41.1764705882353,0.833333333333333,88.2352941176471
screen2_estimate1,top100,1,16,0.364935028761599,37.5,0.833333333333333,87.5
screen2_estimate1,top250,0.8,77,0.796861931253905,66.2337662337662,0.857142857142857,63.6363636363636
screen2_estimate1,top250,0.9,44,0.593498487841147,54.5454545454545,0.857142857142857,70.4545454545455
screen2_estimate1,top250,1,39,0.569309149506248,51.2820512820513,0.833333333333333,71.7948717948718
