direction,selection_rule,score,genes,median_omega2,q25_omega2,q75_omega2,gene_boot_median_lo,gene_boot_median_hi,pct_gt50,pct_gt80,median_random_loss,pct_better_than_random,pct_worse_than_random,median_retained_ratio_vs_random
screen1_estimate2,strict_FDR05,NONE,0,,,,,,,,,,,
screen1_estimate2,top25,Gene mean,25,1.00353811513687,0.901581832379759,1.08870706185103,0.925183843727598,1.08563524120569,92,80,0.9,32,68,-0.0176905756843682
screen1_estimate2,top25,Promoter mean,25,1.01802046472392,0.780495277109104,1.09090842855848,0.878449501881753,1.08141067659664,92,72,0.9,40,60,-0.249160913094507
screen1_estimate2,top25,Promoter + non-promoter,25,0.758287151772307,0.207159309490234,0.98890356617977,0.324694290940026,0.979439769213805,64,40,0.8,64,36,1.76712324149319
screen1_estimate2,top50,Gene mean,50,0.978712606206937,0.72655792563468,1.08547476330709,0.88988676137054,1.04222907989763,86,66,0.9,44,56,0.297334484851997
screen1_estimate2,top50,Promoter mean,50,1.01858072077837,0.776407637462155,1.16768332535847,0.913167532720259,1.06224367840694,94,72,0.9,38,62,-0.191712251896159
screen1_estimate2,top50,Promoter + non-promoter,47,0.772207626613278,0.203639349643688,1.08353234980855,0.545280520413525,0.979439769213805,65.9574468085106,46.8085106382979,0.8,55.3191489361702,44.6808510638298,1.13239363819694
screen1_estimate2,top100,Gene mean,100,0.964648294155076,0.750971205593001,1.08515380750989,0.906612525393386,1.00814205122722,88,69,0.894444444444444,41,59,0.429606356043027
screen1_estimate2,top100,Promoter mean,100,0.979345873111959,0.742370578655247,1.13072419479791,0.90431986975887,1.0223772651163,89,67,0.894444444444444,42,58,0.162630814869634
screen1_estimate2,top100,Promoter + non-promoter,93,0.740631997523911,0.259425193954281,1.02074912689025,0.65939201132071,0.839192819962578,69.8924731182796,41.9354838709678,0.8,58.0645161290323,41.9354838709678,1.32956493954981
screen1_estimate2,top250,Gene mean,250,0.978515886133156,0.732262505882337,1.0992582110832,0.934801413679805,1.0144020551891,85.2,67.6,0.9,40.8,59.2,0.296267141269646
screen1_estimate2,top250,Promoter mean,247,0.955869596474643,0.68128419983164,1.10218754809157,0.914799978043643,1.01166974900552,82.1862348178138,65.9919028340081,0.9,43.7246963562753,56.2753036437247,0.485434438778922
screen1_estimate2,top250,Promoter + non-promoter,226,0.771383699921191,0.263647642734112,1.06569694579817,0.70048589431464,0.849024271098986,68.5840707964602,46.9026548672566,0.8,55.3097345132743,44.6902654867257,1.28305780346453
screen2_estimate1,strict_FDR05,Gene mean,14,0.665073794309659,0.601645532473628,0.910098264287256,0.591488674702689,0.8941423279199,78.5714285714286,35.7142857142857,0.888888888888889,71.4285714285714,28.5714285714286,3.68281028349445
screen2_estimate1,strict_FDR05,Promoter mean,13,0.851295027455649,0.597843295452097,1.00044190492494,0.597843295452097,1.00044190492494,76.9230769230769,53.8461538461539,0.888888888888889,53.8461538461539,46.1538461538462,1.81382935020826
screen2_estimate1,strict_FDR05,Promoter + non-promoter,9,0.477749311928672,0.31851030303709,0.616338686600446,0.21033651745139,0.63385622379264,44.4444444444444,0,0.777777777777778,88.8888888888889,11.1111111111111,2.35012809632098
screen2_estimate1,top25,Gene mean,25,0.722677367778267,0.591488674702689,1.02446649843336,0.601174000403907,0.994482377217551,76,48,0.9,56,44,2.30300034419595
screen2_estimate1,top25,Promoter mean,24,0.972629013394987,0.65883720362655,1.03173662333837,0.703250910590834,1.03011558184329,83.3333333333333,62.5,0.894444444444444,45.8333333333333,54.1666666666667,0.297085460269347
screen2_estimate1,top25,Promoter + non-promoter,20,0.625097455196543,0.321723730329309,0.9922363500179,0.371579043141599,0.903902115452186,60,35,0.809090909090909,65,35,1.80038986909389
screen2_estimate1,top50,Gene mean,50,0.890580224514902,0.662110716049913,1.02697290836936,0.768134299166652,0.988243899484516,84,62,0.9,52,48,1.18819760842967
screen2_estimate1,top50,Promoter mean,49,0.939598710975144,0.678870156777122,1.02491083512775,0.776045961537293,1.00044190492494,85.7142857142857,61.2244897959184,0.9,46.9387755102041,53.0612244897959,0.764574904708587
screen2_estimate1,top50,Promoter + non-promoter,42,0.723611444180721,0.421743501091597,0.933891925406111,0.514086192419278,0.846947680259096,66.6666666666667,45.2380952380953,0.809090909090909,61.9047619047619,38.0952380952381,1.53914195275658
screen2_estimate1,top100,Gene mean,100,0.936291324891903,0.638621723915031,1.051273616225,0.839664757410993,0.997461754602813,83,62,0.894444444444444,49,51,0.805793198667495
screen2_estimate1,top100,Promoter mean,99,0.923714784289176,0.637678121824625,1.03893190298285,0.816788675400906,0.993913081896945,81.8181818181818,61.6161616161616,0.888888888888889,50.5050505050505,49.4949494949495,1.09815863200808
screen2_estimate1,top100,Promoter + non-promoter,89,0.682080686093325,0.330905128053678,1.01385075892198,0.51392197215334,0.881967506028509,61.7977528089888,46.0674157303371,0.8,60.6741573033708,39.3258426966292,1.80836510158458
screen2_estimate1,top250,Gene mean,250,0.925793897624524,0.626731900751772,1.05769179128102,0.874057081056543,0.970098198886552,80,64.4,0.894444444444444,50.8,49.2,1.08072583546099
screen2_estimate1,top250,Promoter mean,246,0.910488744839943,0.617491145817683,1.04284776855604,0.845657262212083,0.950601501529086,80.4878048780488,61.3821138211382,0.9,50.8130081300813,49.1869918699187,1.09173934616789
screen2_estimate1,top250,Promoter + non-promoter,222,0.743215237104753,0.333564476791196,1.01249783008981,0.631681445483439,0.827209154897291,64.8648648648649,45.4954954954955,0.8,59.4594594594595,40.5405405405405,1.77482046968167
